RDF.CottasStore.LazyDictRegistry.fst	2b4815ce23925596806a46f5881c27a3d0e036e5e96a2394dc8f494c0f38e793
Parser.BallyhooHDT.fst	a70c2aa3d48ecd1cfad0335297bc5da94cfada98845ebd791b27065415601daa
SPARQL.Update.Analysis.fst	09a0793ac1a7716bd2a44f61e5051de4c4a4e36271c187602a7858c8d90d4681
SPARQL.HTTP.Timing.fst	5eac18b7dedd5d9047307f5eba845fb6652fd55d4ed755c10a8589c438b592bb
RDF.Store.HDTTermCacheRegistry.fst	3a8ca7d372a9868acc460b0c8bcbf40809e1353d2c1817bb702a994d03d05c01
Parser.JSONLD.Html.fst	41afad5bde8ffa2e407cdbb1d54cbab24e6210e5f032a2493a8a9a041812360a
MathML.Content.fst	7c6d2147f10bfa1a9741dbb590e913e393d1f14dbe500e4f805ce4c6c781e37a
Parser.JSONResults.fst	dc8eed7d1f6df7b452ed838226d63a91ee53ab2c70838841d24173f9774ba2a3
RDF.Entailment.Simple.fst	861a89f07f0ed4c94fbbe55378eac9837d7a2d544e355b3f84ae5f5a19954515
Tableau.CountingOracle.fst	ef8d540e783fbdf32afed33c6b1a19333c600bf75ce4dfebdd6a68c02103e723
Parser.OWLFunctional.fst	1d78b35a3e46ce3b66dada195757c249a83f254b4769dedec576bdfef6841d0f
RDF.Geo.Topology.fst	3a6f66fa7e2be8af87995ea7b855d2347e8cc527c13d6878aeff416de18850f7
RDF.Store.LazyTermCache.fst	d55db14094e568440f3644ef8ffea7ae483529c4c34ae4207c0a85987f5b9e7e
RDF.List.Helpers.fst	a96ad7fcefa1e23675f25b119756378d143e6ac8a6855fc96fcf9d3207e9c298
RDFS.Closure.fst	bca83ddb36ddd7876928b0c27c3cde22e55c7febe4d16e70b296f955a761b557
RDF.Canonical.Manifest.fst	26bd5a3ce0f44bb563dbc13098837bca2cb66250df8a7a5f770797a79e0c4836
Tableau.fst	5a8dd2dea58bab5116ff2825426f358c816a66989dfae5e5734fd704ae81ba14
RDF.NQuads.Serialize.fst	25c334e47eb4a957c780d725b24d2bed8571f9e3c898881397f25ac86b74c2f0
OWL.Closure.fst	44ed777cd34a19e2f713da86683b8c540b7626171ca2e7739b277ebd9ffd40b2
XML.Wellformedness.fst	041f907303827423bccf935a7a7a9fe36cae7126e021c1e2e41e97227dda157e
JSONLD.Expand.fst	1ee50d71b531647074c6e738c74ed8dca34a262f72fb0cc8d4eadd38ca8c9071
RDF.GraphIsomorphism.fst	7bc0187e5d406ffb43516290c60ddf86adcafe9b94e016742fdfbf10f95fa6ee
VC.Multibase.fst	036abcfea9b69575118dce83544f052794de6d52118629d5e743abf2bc568d46
Parser.FastString.fst	0eee9db4fa9c6f069ed7c62de3486c8747db7b5b7d7b7758a5d97a77b7065d14
RDF.Graph.fst	4802db4efb271a21ebcbce2cb14dae629c5a3eaa43b759de23742144d9ced8e9
RDF.Geo.Functions.fst	ee6757509f1a078a954d84fe62a6389e0105654ef1f1a62d4a208c911452c2c5
SPARQL.Explain.fst	95434da46ef7250f57931f096415f39c2439809dc74531b02fa2586b4a9d48f1
SPARQL.ServiceDescription.fst	5af4cc36359dc261804c25a68e4a43c5f4cad77760e41fca4ebf5b746b6075d5
SPARQL.HTTP.StaticFiles.fst	380a35fc2e5d6aa0ec05debc051c767d15d9be1bbf76a75b69e5442c6279d95f
SPARQL.FullText.fst	de9a18156b5cbef886a28a0d48fc96bcd9e54b9101184ab876292bfac331ba0d
SHACL.Rules.fst	5329f57f097fa7fbb8a352d38a3633d22f6d7752e07f45c7690f5ee3221cbd6b
SPARQL.Plan.Pruning.fst	17e4da9976010fda88919835bd588640370e0f14e088b815a298ca5cdc5c6093
Parser.XPath.fst	2edc2547e2cfc2bf9e3af5db6ea367ef17753b587e28758afaa4e3aa274dd994
RDF.CottasStore.ColumnSeq.fst	db8c19b05be0ea6cef482b1cfd3e4601d57876724c1ca87c5459db9997a5811d
ShEx.Schema.fst	6aca9744d9a17a8e43ea92bef2b7afaf6b37a1108f06cf3f03f8841b2da3027f
CSVW.Metadata.fst	dafa71e28fbcd7d6d6f7c8b0682bd8a69f78477338bbb833b158b3dc2ea70431
RDF.Geo.BBox.fst	6ff8ef1e0b3293445aafe591e19d8537100f130ba9d007b4691d04c7623a3f18
RDF.Dataset.Merge.fst	6ec6957f962bafe7797a3cbf1a044e4811d5a6b65960889c401eb345d9584040
Parser.BallyhooHDTQ.fst	1de7628273765ee9b3cfd07bcec04c12f0a35558270ab5b1e49cecea4d547833
SPARQL.Service.Wrap.fst	07cb53109e17873e998446f61ee92ba0c811cc5d583850c66b60e841b577bf0d
RDF.Turtle.Serialize.fst	7d770b82a076c96b072f79b06babc20281bef0cf26d961b82347daf91d8d94b7
XSD.Facets.fst	2ee39ea44297f5a385ec94827aabcfb1617d3ea6cb1d35b163953c15ea477393
GRDDL.Discovery.fst	15747a24bd945229e3357f00bc6d0793f72aeeb406210a52f05aab5a4b6e0e52
Math.Sigmoid.fst	5a0f1221f3f197d0c8df0b566b9a421eece79d47051276408b1660cdbf079c93
Parser.BallyhooCOTTAS.fst	0a5921bdf61afa034c7e239ab34597fae6c0069889b0a95284683f494ddf8c49
RIF.Core.Eval.fst	8408e909c1d9cfe30f374e4acc1dcda99ffb32fed982e5677aba33981ccc4ca3
Parser.XML.fst	1b566e2e92157b36da4d7618c08b945aeb4921424e16a39ada8ac3699ae3e16f
JSONLD.FromRdf.fst	5b803ac561d43d8615e42d538f8a39dc1e3eeaac51cfc2419f1cc34007ed89fc
SPARQL11.Parser.fst	e85eae3b85c46e16c7307aa91940b79194d2a0fd1705c638b04846e0ba4d437d
RDF.Geo.Types.fst	eb41dfb139d7dc0822927768f4df482c15b2f1c2e56d492e6b97fe9983d2b950
XML.Namespaces.fst	ebeb4998103ca3366eee4437f90a45482bfa08dadef46204d2682d48a8613d67
XSLT.Transform.fst	1a5a161c5707fcdf7482ea7795803d43594e74ccefffb97ec15ec02f2883cc8d
RDF.CottasStore.PresenceBitmap.fst	2f5d4048ac71ce9a31b225d5d4736d4fa826967f48a606904c2bee03b60da6ee
RDF.IRI.fst	a0e6e455ab63e1c9dab2f5fdfbe4f976fec3b2acac5cd79a872d0ad7d931a785
RDF.Store.Loader.fst	9af7c5ea53d6c64271c86b3d9b821ab94a25ec7450345e6edee2726a0898c7d9
SPARQL.Plan.Streamable.fst	3631624d5d6dab4f79917e78dbb80f9a777ccf269fe70d3345a47d1e6eab4b94
Parser.NQuads.fst	30f21f0d92a1367a0fa0fbeaaf59e7180e84aa20e9be8a450328a61e5bf2691b
SPARQL.Update.Sandbox.fst	05f05c1c2dcd46a962b1a8ccb195d0fc2afe2d40b6764ab6f92788e250ea7860
Tableau.Refute.fst	059b1a81f5461ef45d4ca49a2bd5a68e027eebbc446871e65091212015f3cee6
SPARQL.Eval.Limits.fst	29842e6fbdb68ba1dc4c4903d560af00702ec54f9c48aed79b402ee8b3504bae
RIF.Core.Translation.fst	84384283460b36065ca6c0bfbdfff0503806ca282da6ae31bc68e306b885a002
RDF.Pretty.fst	2d6f2e4ae5506bc6dd9b650b845e0f78936e79d3d5152300e89bce9f115cc7d9
SPARQL.JSON.Escape.fst	40293a6f8860dffb75ddaad0a9512a9f91d566cfc11e36596fc18c273906cd27
VC.Credential.fst	49002fbc8ddfc0571b0ce35a76b759b9f6738fed35ff1593fd8c77610cd7bef2
OWL.QueryRewrite.fst	ae5b87a2c57e56edd83da301b7660a677d52061ac76336dcad3210d57aaf938c
Parser.Turtle.fst	be4715bd4760abd3bc5e7e57e579ce56394df706c81a0b3e34919ce5a20e92b4
CSVW.Json.fst	158015346b86ff313665840f1336ad2d9c32205d537eea860ba1b2390ecbb2d5
RML.Mapping.fst	a14383bf1fad40f6c6db4da55f7a355b9c4eb6b5ad04904d14249562cfd30441
RDF.Format.fst	230de3b13a1dc46f729138eaa2fb55d51020670d39d1bcd8fd9caae291a68701
OWL.QueryEval.fst	c9a87d9e431f668ddc253c46cfde0cf13e9d2df00a22c2142abdd49bcb3d53f0
SHACL.Validation.fst	56afbff2535c7828c428c1034a11f0f19de5e703d95b8ff32d2bbbcbe824a126
RDF.Triple.fst	a8995d71a33f0e129a68723080440db64a306d356fdc8a4945ee2197fefe5689
SPARQL.HTTP.BackendInfo.fst	bbdf7dcaffcff5317e3132dbc00c49b8cfbe41f3e9d570ae929ac603fa09e3e9
OWL.Semantics.Soundness.fst	a39394e1d795ae314f57030a606861d7ce3c64c4ba9d4ba9164b4e415ba19f44
SPARQL11.Store.fst	eb328d28a3726cd20bdacabefe469e5cacf057aed0fcdca751503c15d99575e5
OWL.Semantics.fst	6faa92a6b68f8f64b8a3847394e2c78f32023ccccd892d5489795f8548a17789
RDF.CottasStore.SubjectOffsetsWriter.fst	8b17fdafc627aa0bdfeca096bf30c7e2aa80bf4adf71fa9340c50e9322b62b3b
ShEx.Validation.fst	f1530e2824e71a7f5df8e591e2714e9d4c399e22f14bc50dffd366effbf048a4
SPARQL.HTTP.Admin.fst	dfa9fe1dcc93ab455ada74f1a6011e0b6364dac356c2d8fbb23dab56e4eef1eb
RDF.Store.Combine.fst	721dbf1f10534f1b7f88df617142773b967990e7feec6d812161a84a2f38a51d
XForms.Bind.fst	78fb5cdf030d75945d2cd72d91994e36678cf763df728d0ee328db824ef9e9a4
RDF.Indexed.fst	f7c3b4be4175221fb6984cbacbdd15feeb26af6bde092e817774b4ea1f81dea4
JSONLD.Loader.fst	987f788d2ba8caa60077c1454242e4e65b264cd938e94dc5a387f4607e6439f9
RDF.Store.Columnar.DeltaLog.fst	7ed0a08983ba5932d5153ddd5cc0183cf92b5133a4c5082962328609c893c1ab
Math.Subst.fst	bf200bb76fd685ef92ae3f0e3f21cad9e2f9709e53aa446d989ff9fc72a45491
Parser.SRX.fst	a4c2587f95b938308b98c651d7aacd88fd5068b707fcb49431e49fed8774336b
VC.Context.fst	86535283f62269b9bf38c5900286c1d826ed8bdb9d669c32214c0f8f8cf16791
JSONSchema.Validate.fst	8209c00fb989a0d9f72d374941fc0348d82904bd65cec6b01e6d8bfc2696f028
Math.Diff.fst	c9989f7966e5a2cd6587295a6d143afca81898c2591a251cb7dcaf11c3a1ab5c
RDF.Entailment.Simple.Spec.fst	6342875701b5447ce52144cbb65e40df2a65bbc270c31ef873e2f377df7d828a
Parser.TriG.fst	d18c970d20c8640c9b8717501f86680e6395a7e37c3fd42d990d335b48c04c1d
SPARQL.HTTP.Client.fst	a8827abcbedb659962c124a3ea36e29555ccfa1d00f59083145056ed015b7372
RDF.Store.Capabilities.fst	52eb8b92bea9448c6ea35b14aaeb9b79b7ed71c4f7851ebfbfb26ce3d1a88613
RDF.Entailment.Simple.Refinement.fst	c0070842d07cf4afc652f53b023d8d902833b7fa9d99622e144416087fc3ffc0
RDF.Store.Capabilities.Delta.fst	58cb4f34efb4c11c3e07c802e975afc37c110b88c1b36a88d1e7a24be4f6aaa0
CSVW.Conversion.fst	12bd65d2ae6ec2eb4f8f80e2ede92b54f815be2a87790cde59b95dd0dbe2c974
RML.VirtualSource.fst	4304b11d9d8464ef96f1a0c8b3c84dce401efc6f21fc98c6ff8c804b6e5fccdf
Parser.WKT.fst	9db5c61461bfed2ee01a316c2fe956e6df858db13c9c9d4f6c0bfedc4e1245bb
JSONLD.Flatten.fst	86ec85a03a3e7364eb4096df698a6aea5773789f8f6dc24b4368a653defb5e9a
SPARQL.HTTP.QueriesIndex.fst	fb5aaf8f917787e2cbf74f20b8610cf7ad797f0aee743c3907c3876d5466460a
Parquet.Footer.fst	a9f5f27c99acbf51c461a96601665587d2022f330d9d13b1aa8171031034a469
OWL.Tests.Manifest.fst	4f1da3567137f6c835a5c2bb8b8066dbd9a0051c2f1c8c9d6bb285638fe4f9fd
Parser.JSON.fst	06df51f08a7efe830a87f1bd15654e48ec46fd478e2054bf1bc41a6ebb1bcb46
OWL2.SyntaxDL.fst	24a6015736de40fa6c88e3c563fa6c6719af7abd1efe74feb34d5eb50440da64
SPARQL.Plan.Loader.fst	8b8bd453bfaddbd3f0be7c53aa1a84703b996383799f35d591acd45aa53ad869
Regex.Syntax.fst	50481da0b90dbcb651784053e433c8b1314bcdf245a719ec5ea992e6feb4887c
Parser.Ballyhoo.fst	82d4a6048a6c0c7a97cea91ce4500217079a62816b922de62b898b432bfc5e58
VC.DataIntegrity.fst	a03ad3cbe545ea6b60bd0f564b21248da3cecf3d446b79b1a7a1450b118e3c50
Math.Matrix.fst	05a9be658d291f208c980b39674b4ef226c18e84fcdb0266e2772aeef366a78c
SPARQL.Diagnostics.fst	b9cee6fdf3844095028069bfa2882f41d88552891e9a5e8e3cd6d1d9122ba9fc
CSVW.URITemplate.fst	e76305347c1565d1980acf78257f548ac87abe7c97b70a1c7f89b2fcb1c717b9
RDF.Dataset.Graphs.fst	6f2f084ccb960602bf8db9f1d4301850e90241beacc8e51f41e756c0749d8941
RDF.CottasStore.BaseWriter.fst	556ded7f5968596b84ae4bcd53218afb2d19fb6a28303cae10feeeaa4c573e95
CSVW.Validate.fst	a67cea31c63498a5520861bf058bc729e744aa2f61d938e0d899290d0a696fa3
RDF.Bytes.fst	52fe2e65ab855ec9628f9039cb490711790ec44f45cfd0cc93ab606482085cad
SPARQL.Query.Analysis.fst	d0d3b38d68e2ffbff0b0884b38f922496dd2dcffd23b7781e2f90b56df3b8d50
SPARQL.HTTP.Routes.fst	1836701a11eb43eba044ff0bcd96d77d68f74705901989b1ff95eb4ccfe7a1ce
Parser.NTriples.fst	1e26c3b47632e6ee73f8aff982e6328e360423b1ac026f9959fac407b7f99950
HDT.Dictionary.fst	bb193b6ecb2a791165724da87066b87d7772446efa8c9a9a02ff5e6ac4fd4873
RDF.Term.fst	1b9f225561b6ca8523413761d7ed79d135c7be46f243a4f6af75375c00cdc5ef
RDF.CottasStore.LazyDict.fst	c5fedbed976ca7d489cf67a2861095cd2dba6c845181de2f9f9e59a469f017c0
Parser.TurtleScanner.fst	85a5d53162a94b2c87b71848cf7fa889849841374778d863bf5eaa586c7cba39
SPARQL.HTTP.Response.fst	8ca8d2467c6451cc1802630aad7395295c5c6fade95de33188ffb3c3826389a7
Parser.IRI.fst	7632886a71fa5b3581a08dc8f936fc4867df3ae4f0ebfe4c34e562edf8060d09
RDF.CottasStore.OnDiskRuntime.fst	91e08a398804e172885343f036f84fb3b7dec3c0f0b271584a862974b483a5c3
RDF.Graph.Executable.fst	01210a12f11c017b141b1227fdf6de3f180ac218a4e51e835f6d06b9e16b05be
RDF.Store.Columnar.DeltaMerge.fst	c6319bc3d37b34a817075d6c06420dc4bc714a463fa7cdc55a93229efd189eb2
Schematron.Validate.fst	46241a3576ba7ce0fa1a0073927c2c05abc3f53e18cf8f6ce0fbadc6aaec9f5d
OWL.Semantics.MemLemmas.fst	251627764a3b17318a01b305f590e0ce53227f0bd3723d12ebfca728aa874183
Math.Simplify.fst	7883f49cb5178bc543dcd8c17620c6fd3f8c8ea79ee276f654acef11ba247327
RIF.Core.Conformance.fst	e228163703e7b7bf615724d404dd5d30e108eba960f14f279cb75af4b4f7c358
RML.Sources.fst	fdcf17f93a99f6295f5c461b84c854478d82ebe56a74e843a545ebee1718f1e0
Parser.Combinators.fst	feb6b3ba2bd8797bf286481cdef294dfa5dd74cbab5ef8dfb4ac7e62b5e93131
RDF.CottasStore.PresenceWriter.fst	050c22c2750c6f4c3bdde1bd4330ffeac19e3225610beb35501459e345930315
RDF.Entailment.Regime.fst	8c53592afdda5d3985f1b545802214d0eff771a5a8260d4a1331acb231f506ec
SPARQL.GraphStore.fst	92e2941208f99d1083490c458170c7d94da4c52d07a81398d0f05782641fc904
JSONLD.Compact.fst	4dec1b3ed001a321235b463abb62eb91a741b6b14b2adacf687f78e37def5ab9
SPARQL.HTTP.fst	7c15c8fedb46e034e746e89c8e766360b18e7f5a1b1f27d844b78593525e28d8
SPARQL.Eval.TimeBudget.fst	a354ee68f7701f12d1158844daeb549060626274270d02582b2f20553f01d7cc
SPARQL11.Algebra.fst	d56fd2eb0dfc3ac265e8a204ba8fe57731b80372024ece8e095aada7fafbe67d
Parser.BallyhooBloom.fst	34367bf2287f934fb2c1a489702390be7184a2e02d2774c7c314bd594137430f
RIF.Core.Builtins.fst	7ab794d530df07f0fc6fa39b9a3cae43a14592902a9ec24dda3330dee1731da7
RIF.Core.Tests.fst	bcaf45c8906ade5395b8a1ebbdfa8e1cd79d4e4aefffe98a52f5b7c2b1a93d3e
HDT.Triples.fst	199a2af664ae22bab9f632b4833e9b4521b80ee21fb6618a758b4d2c40d9874e
Math.Series.fst	c575e2a31fb5ccbc0a2b4c321f3a70144506dd95e0ebfef1a37ec6173451a0e2
Regex.Derivative.fst	1d09e48e88fc8a3d979b9b2ff17239eb5e3178265f2bfd9169f72cfc3b835d64
CSVW.Formats.fst	3c3b1d76193286305d2be0dde51477628f570cf558c81f9a74e67e607e5668f7
RDF.Vocabulary.Axioms.fst	ab3a4cd161e641727b7af55a30b81f367bcb2ffd85a7cf49ee76f0242c8f9e76
RIF.Core.Syntax.fst	5e3b181dee7906a964d9fd7715df80067f89e545d08f02fa8e61ffd649143110
SPARQL.Plan.AccessPath.fst	e55cfa8f9051dc81746fbc3d284e89071486ce8a899cb95e6f4386e8d07bb89d
RDF.CottasStore.fst	7c9d9c96a021caad59c658fc34503297fd8ed45471471908df5fde3241d5416e
RDF.CottasStore.PageCache.fst	1b3a3b15b55c2c6dd8864c20713198b58bed4f345886f676b6b4ac59986d440b
OWL.DirectMapping.Filter.fst	118d642164b3541cdd7db74b951e3e02f1179810d386decfb159178899a7d9d5
Parser.JSONLD.fst	60aaf9ad38b6ac3fcf3bd251b4d580ce0c7ee20ff423a216bc186774151b8be3
SHACL.NodeExpr.fst	93fcbca6866c380057cc13abee230dbac9cef10e1e5874139bf5f3ebf518f166
RDF.Store.Columnar.OffsetIndex.fst	fa21dd459f03e00b34bf825dea38c421cc99029a802a720fc256daaf7361b0d9
Parser.RDFXML.fst	4eb46446d7385e9bd17f3d85429d13e46f5bd40b6dd3242ca681c17a117b3956
Parser.RIFXML.fst	50d7e0a594b6f98a0badd9b2d657b71b71bc4a6b23800b17ce9939eab6eaf1be
RDF.Store.Capabilities.Cottas.fst	f6331719a9aa96f96f10077f83ebee63622ea471ba5bfe425e89f0f9abb2d917
RDF.Entailment.Simple.Boundary.fst	ce199bb1c4088001f05d4542ef7fc810de5ff9a67f50d62805e8bbd452613f2a
RDF.CottasStore.DictWriter.fst	1463a568984ece8169632998482e937e478cdd564212762ba5dde8d6c0b30a7d
JSONLD.Frame.fst	50a8a2a2e41a4fc8abee9290d18afde9fc64524902262063e3414177b956f5fa
RDF.CottasStore.OnDiskIndex.fst	f47500a5a9d927d6b475643285252bd1f09a9358bede27edf32f1ffd0ca1d842
Parser.CSVResults.fst	ce836240f8763c1fdace42fd9d45bc1adbdb71bbec97fc64fddadfc3119fcadd
RDF.Entailment.Simple.ModelTheory.fst	1317db17c7df04ff757da966e6e35c59e9c2241214e964317b4369a04af13016
SPARQL.HTTP.RunQuery.fst	b19e8f6fdfa7ce67bb4cbe2820e4970cbb4895cd028cff3b0c03b8aac43b3f5c
RDF.Vocabulary.fst	c3d712e09503adcbb41a868800e7c5a0c05b130ce540eedfb5d6141f86187798
Util.Log.fst	c7a8b27524d18f83fd9cac707f555fa56b8d55c4ac368a5d1de609c977b9bf73
RDF.Store.Columnar.SubjectOffsetIndex.fst	bac2e2488c41a35bf3248ddc6e17b327f4f82eef1acbc213002860d1503f3875
MathML.Present.fst	77ac66b204db29a350d9a73e9df4f6d63b2c8a1cc24d31e407475e827dd9dbb9
XSD.Datatypes.fst	4d9b57ce1ec78fef5bbbd6523008f1e9268cdd6d8c339cb72ee8d54c836bd792
XPath.Eval.fst	465554d19ee67577ae6b465b5f95ea46ff57cac2416918a1c3ad05a013f0f5f5
OWL.Vocabulary.fst	086454dea810245354942ed65b80547a00df4ff363ae9182a989eb84e280e61e
RDF.CottasStore.OffsetsWriter.fst	d746a13af202ef8bbbc4ac15f632a8bf2defdecbcf975325a6c9057f87011c3b
XSD.IEEE754.fst	a2a0d0ac14d1c98a973d6570644a97b17947438fdf87715263bf7d0e46a52ab6
HDT.Container.fst	ecbc9654530a15d10e8d49090d4e3c1fe25a41a92053f8bb46fee1d45fd45ae1
SPARQL.Protocol.Client.fst	a3db52f760d094d1daa375bd264912d224c30b38d0d903ff3c15f4a78d073555
Regex.XSDPattern.fst	4e32d25144fb205aac62adf231cea8fc9e42f11d231b090ab12c45e934d37949
SPARQL.Plan.Explain.fst	47168ff8ef5b370f00c0880486de1bebb426fca2a9c7830bd7a520d4ef31784e
ShEx.SchemaEq.fst	7c527a8cecad1f424f4b804255bcb28b7837705402928c994fdefd7d7f2f1b28
RDF.Canonical.fst	696fc204e4faaf24d0670803f8399194e910c89edbf50fc37d806d511626df43
SPARQL11.IRI.Resolve.fst	66fca0a5e9458514e97e958cb35cac1ba687e1f689131e1030b64af57be22fcb
RML.Eval.fst	65cf844c0c8d77defa6a12637a0efbc2ef0bbd0eb9aec819c42defb98cb53216
RDF.CottasStore.CompoundPresenceWriter.fst	c0e1b076d4291a05cbb6b77089946b9baf7b0d082fe43b678467d7f113f39cc8
SPARQL.Plan.Estimate.fst	2bcec26e1a4f0355bb9101d865467099334cde26d2127ea05f232b2f07ec1178
RDF.CottasInMem.fst	480b93ec54cc65ee4f5980e1dae6f3f3f9b50990a418c3499f09d038d7357459
Parser.ShExC.fst	b5e6357ebe0ebac02613605415ea8efb3ad29f31aacd489ff97c0f04c07aca0d
Regex.Exec.fst	dfbc6eb5974fe706952f6eff6470efb09413c9591e6aad31082e33fa272c8956
Math.Expr.fst	e3873eb57ef9224681031e3d0f83009b5a5c05563228b453b66d8fe18b4177aa
SPARQL.Protocol.fst	11b92241c0d5fa20f2adffe8a9bfbfef38baf0751436a764a7c0d555dfa68cec
DID.Key.fst	68c10d7494d2c9a46201450590344f0f6864363878f38112f71010ae4804af8e
JSONLD.Context.fst	2133318b4f92b25bcb3284be33273cab144c58b14c1048c6189fe7f5216785c4
RDF.CottasStore.CompoundPresenceBitmap.fst	f46b5cb5bfe5713c63844a8ee716647bf8f223bd7a058fe363fa44b7c3422689
